group_number,group_size,msa_consensus
1,14,EAEEDAI
2,12,DAIDDEG
3,8,LEAQIAALV
4,8,YLWIPA?HY
5,8,KRRRYEA
6,8,PGEARA?PR
7,8,EAREMIRYMALVSA
8,8,MERTEHKAR
9,7,EAS?PEA
10,7,DCD?DEPD
11,7,TITALVGAVTSLQQELAH
12,6,P?PAFGAP
13,6,PPHPA?VY
14,6,GVLFPGPSP
15,6,ALVNAS?A?HV
16,6,RRAAR?A
17,5,PTYIRLADDELYADLS
18,5,AFGAPAA
19,5,SPSTNGSGFEILS
20,5,?PAA?GK
21,5,GEEGAE?
22,4,TSALLS?KVTDMV?R
23,4,GAIAADRQP
24,4,DDRDDA?YY
25,4,D?AGRAR
26,4,DFDEAKL
27,4,?YTPVA?
28,4,SPEVTPTSTPNPNNVTQNKTTPTEPA
29,4,PT?P?P?TD??DDDL?DADYV
30,4,?TNPDA?
31,4,LSETPNATQPELAPEDPEDSALLEDP
32,4,LAEDVEKDKPNRP
33,4,AEEDAID
34,3,TKKGTSYPKLSKSYTNNKGKEVLVLWGVHHPPTTSEQQSLYQNADAYVSVGSSKYN
35,3,YHRLIHSLSKT?NQSLGFENLECLKR??L?Y
36,3,WVFPCDRDLPDS??S
37,3,G?SDDSEYDS??DR
38,3,LQ?NPMKALYPLTTKELK
39,3,YPRQMMHPSFAGLIDPSLDQEDFNAV
40,3,PQPHSAFGFP
41,3,AAGSVAY
42,3,MEPRPGASTRRPEGRPQREPAP
43,3,ADDQTDVLYAKIQHPRHLPDDD
44,3,PTAPSVYPHSEGRKSRRPLTTFGSGSP
45,2,PGGAK?ALRPRWCDERVSSDQSALADFIKFAEGRRGAAEMLV?LTELPDFLAKKGG
46,2,PHDCLEILAETHGTRPDLTDQPIPDADYTWYTDG?SFLQEGQRRAGAAVTTETEVI
47,2,G??T??E
48,2,WT?QA???V???LPV?G??MD???
49,2,AS??APRA?D?PS??PE
50,2,A?GAA?P
51,2,VR?R?VA?S
52,2,P?SL??FPQLAP?P
53,2,?AG?REDPWL?GAL
54,2,???????G
55,2,P?H?PA?P
56,2,RR?Q??PKR?RLPHIR?DD?P?SHQPLFY
57,2,RP?D?DS??S?A?
58,2,?PL?P?A?
59,2,?AEAYY?ES?DE?A?DFL?RMGRQQ??LR
60,2,ALLASMV?EAVRTIP?P?P
61,2,DCNDTSLTIYNLTTKNAGKYTRRHRDNG
62,2,LDSFFSRAGLVGEIDLPLKGTTNPNGYA
63,2,AVYRPPPHSAPYGPPQGPASH
64,2,PPPCPSTQTRAPLPTEPAF
65,2,RRGSGQENPSPQSTRPPLAPAGAKRAAT
66,2,TNGTSGRTPVLPPDDEAGLQPKPLTTPP
67,2,PIIATSDPTPRRDAATK
68,2,RGALGWGAETEEGGDDPDHD
69,2,MSQTQPPAPVGPGDPDVYLKGVPSAGMHPRGVHAPRGHPRMISGPPQRGDNDQAAG
70,2,GDELHLDGEDVAMAHA
71,2,GMASPDSPPDTSRRGALQTRSRQRGEVR
72,2,FVQYDESDYALYGGSSSEDDEHPEVPRT
73,2,RTPTTAPRAPRTQRVATKAPAAPAAETT
74,2,TPEPRGSLAVRLEDEFGEFDWTPQEGSQ
75,2,RPIERNVHEIAG
76,2,EDAIDDEGEAEE
